NIFL-GTGA,NIFL,Nautilus,LC,round-robin,NIFL-GTGA,NIFL,Nautilus,LC,round-robin
436.44476912418986,703.0732380946478,1582.7459975083668,1752.3677356044452,1793.928678909938,97.20833333333333,95.08333333333333,86.46666666666667,84.17500000000001,83.95833333333331
